unimod_id	name	residue
1009	Thiazolidine	C
1009	Thiazolidine	F
1009	Thiazolidine	H
1009	Thiazolidine	K
1009	Thiazolidine	N-TERM
1009	Thiazolidine	W
1009	Thiazolidine	Y
1014	glycidamide	N-TERM
1017	DMPO	C
1032	2-nitrobenzyl	Y
1035	Thiadiazole	C
1037	Biotin:Thermo-88317	Y
1041	Deoxyhypusine	Q
1043	Acetylhypusine	K
107	FormylMet	N-TERM
108	Nethylmaleimide	C
10	Met->Hse	M
114	OxProBiotinRed	P
115	OxProBiotin	P
116	OxArgBiotin	R
118	EDT-iodoacetyl-PEO-biotin	S
11	Met->Hsl	M
121	GG	N-TERM
121	GG	K
121	GG	S
121	GG	T
121	GG	C
122	Formyl	K
122	Formyl	N-TERM
122	Formyl	S
122	Formyl	T
1249	AHA-SS	M
1253	2-monomethylsuccinyl	C
1254	Saligenin	H
1255	Cresylphosphate	H
1255	Cresylphosphate	S
1255	Cresylphosphate	Y
1256	CresylSaligeninPhosphate	S
1256	CresylSaligeninPhosphate	T
1257	Ub-Br2	C
1258	Ub-VME	C
1260	Ub-amide	C
1262	2-dimethylsuccinyl	C
1270	HCysThiolactone	K
1278	Furan	Y
127	Fluoro	A
1281	BMP-piperidinol	C
1282	UgiJoullieProGly	D
1282	UgiJoullieProGly	E
1283	UgiJoullieProGlyProGly	D
1283	UgiJoullieProGlyProGly	E
1290	Dicarbamidomethyl	H
1290	Dicarbamidomethyl	K
1290	Dicarbamidomethyl	N-TERM
1290	Dicarbamidomethyl	R
129	Iodo	Y
1303	NeuAc	T
1304	NeuGc	S
1304	NeuGc	T
1305	Propyl	D
1305	Propyl	E
130	Diiodo	Y
1310	Propiophenone	H
1310	Propiophenone	K
1310	Propiophenone	W
1312	Delta:H(6)C(3)O(1)	C
1312	Delta:H(6)C(3)O(1)	H
1312	Delta:H(6)C(3)O(1)	K
1312	Delta:H(6)C(3)O(1)	N-TERM
1313	Delta:H(8)C(6)O(1)	N-TERM
1314	biotinAcrolein298	N-TERM
1315	MM-diphenylpentanone	C
1317	EHD-diphenylpentanone	C
1326	NEMsulfur	C
1327	SulfurDioxide	C
1330	bisANS-sulfonates	S
1331	DNCB_hapten	Y
1344	Phosphogluconoylation	N-TERM
1345	PS_Hapten	C
1345	PS_Hapten	H
134	Myristoleyl	G
1350	CarboxymethylDMAP	N-TERM
1355	azole	S
1356	phosphoRibosyl	D
1356	phosphoRibosyl	E
135	Myristoyl+Delta:H(-4)	G
1364	O-Et-N-diMePhospho	S
1365	N-dimethylphosphate	S
1367	dHex(1)Hex(1)	S
1375	dHex(1)Hex(2)	T
1380	methylsulfonylethyl	C
1380	methylsulfonylethyl	H
1380	methylsulfonylethyl	K
1381	ethylsulfonylethyl	C
1381	ethylsulfonylethyl	H
1382	phenylsulfonylethyl	C
1384	Homocysteic_acid	M
1385	Hydroxamic_acid	D
1385	Hydroxamic_acid	E
1388	HN2_mustard	C
1388	HN2_mustard	H
1389	HN3_mustard	C
1389	HN3_mustard	H
1390	Oxidation+NEM	C
1397	Iodoacetanilide	K
1397	Iodoacetanilide	N-TERM
1398	Iodoacetanilide:13C(6)	C
1398	Iodoacetanilide:13C(6)	N-TERM
139	Dansyl	K
139	Dansyl	N-TERM
1400	MurNAc	A
1412	s-GlcNAc	S
1413	PhosphoHex(2)	S
1413	PhosphoHex(2)	T
1419	15N-oxobutanoic	C
1419	15N-oxobutanoic	S
1419	15N-oxobutanoic	T
141	Amidine	K
141	Amidine	N-TERM
1420	spermine	Q
1421	spermidine	Q
1423	Biotin:Thermo-21330	N-TERM
1425	Pentose	S
1425	Pentose	T
1426	Hex(1)Pent(1)	S
1426	Hex(1)Pent(1)	T
142	HexNAc(1)dHex(1)	N
142	HexNAc(1)dHex(1)	T
1430	Hex(1)HexNAc(1)Sulf(1)	S
1431	Hex(1)NeuAc(1)	S
1434	HexNAc(1)NeuAc(1)	T
143	HexNAc(2)	N
145	HexNAc(1)dHex(2)	N
178	DAET	S
178	DAET	T
17	NIPCAM	C
1824	GEE	Q
1826	Glu->pyro-Glu+Methyl	E
1827	Glu->pyro-Glu+Methyl:2H(2)13C(1)	E
1830	Biotin-tyramide	Y
1831	Tris	N
1839	betaFNA	C
1841	Biotin:Thermo-21328	N-TERM
1843	PhosphoCytidine	Y
1845	AzidoF	F
1846	Dimethylaminoethyl	C
1848	Gluratylation	K
1849	hydroxyisobutyryl	K
1870	Cation:Fe[III]	D
1870	Cation:Fe[III]	E
1873	MesitylOxide	H
1873	MesitylOxide	K
1873	MesitylOxide	N-TERM
1875	methylol	K
1875	methylol	Y
1910	Cation:Al[III]	D
1910	Cation:Al[III]	E
1914	Met->AspSA	M
1915	Decarboxylation	D
1915	Decarboxylation	E
1916	Aspartylurea	H
1917	Formylasparagine	H
1918	Carbonyl	A
1918	Carbonyl	E
1918	Carbonyl	I
1918	Carbonyl	Q
1918	Carbonyl	S
1918	Carbonyl	V
1922	Pro->HAVA	P
1924	Delta:H(-4)O(3)	W
1925	Delta:O(4)	W
1926	Delta:H(3)C(3)O(2)	K
1927	Delta:H(4)C(5)O(1)	R
1930	Pent(2)	S
1931	Pent(1)HexNAc(1)	S
1932	Hex(2)Sulf(1)	T
194	AccQTag	N-TERM
197	EQAT	C
1986	Diethylphosphothione	C
1986	Diethylphosphothione	S
1986	Diethylphosphothione	T
1987	Dimethylphosphothione	S
1987	Dimethylphosphothione	Y
1989	monomethylphosphothione	C
1989	monomethylphosphothione	H
1989	monomethylphosphothione	K
1989	monomethylphosphothione	S
1989	monomethylphosphothione	T
1989	monomethylphosphothione	Y
1992	serotonylation	Q
1	Acetyl	H
1	Acetyl	K
1	Acetyl	N-TERM
1	Acetyl	S
1	Acetyl	T
1	Acetyl	Y
2006	Haloxon	Y
2007	Methamidophos-S	S
2007	Methamidophos-S	Y
2008	Methamidophos-O	H
2008	Methamidophos-O	S
2008	Methamidophos-O	T
2008	Methamidophos-O	Y
200	Ethanedithiol	S
200	Ethanedithiol	T
2014	Nitrene	Y
21	Phospho	C
21	Phospho	D
21	Phospho	E
21	Phospho	S
21	Phospho	T
21	Phospho	Y
23	Dehydrated	D
23	Dehydrated	N
23	Dehydrated	Q
23	Dehydrated	S
23	Dehydrated	T
23	Dehydrated	Y
24	Propionamide	C
24	Propionamide	K
24	Propionamide	N-TERM
25	Pyridylacetyl	N-TERM
261	SPITC	N-TERM
264	PET	S
264	PET	T
270	Cytopiloyne	C
270	Cytopiloyne	N-TERM
271	Cytopiloyne+water	N-TERM
272	CAF	N-TERM
275	Nitrosyl	C
275	Nitrosyl	Y
276	AEBS	K
276	AEBS	N-TERM
276	AEBS	S
276	AEBS	Y
278	Ethanolyl	C
278	Ethanolyl	K
278	Ethanolyl	R
27	Glu->pyro-Glu	E
280	Ethyl	D
280	Ethyl	E
280	Ethyl	K
280	Ethyl	N-TERM
286	SulfanilicAcid:13C(6)	D
288	Trp->Oxolactone	W
289	Biotin-PEO-Amine	D
289	Biotin-PEO-Amine	E
28	Gln->pyro-Glu	Q
290	Biotin-HPDP	C
293	CAMthiopropanoyl	N-TERM
294	IED-Biotin	C
295	dHex	S
295	dHex	T
299	Carboxy	D
299	Carboxy	E
299	Carboxy	M
299	Carboxy	W
29	SMA	N-TERM
301	Bromobimane	C
302	Menadione	C
303	DeStreak	C
30	Cation:Na	D
30	Cation:Na	E
312	Cysteinyl	C
314	Nmethylmaleimide	C
314	Nmethylmaleimide	K
31	Pyridylethyl	C
320	Nethylmaleimide+water	C
327	Delta:H(4)C(2)O(-1)S(1)	S
333	Can-FP-biotin	S
335	HNE+Delta:H(2)	C
337	Methylamine	S
337	Methylamine	T
340	Bromo	F
340	Bromo	Y
342	Amino	Y
344	Arg->GluSA	R
345	Trioxidation	C
345	Trioxidation	F
345	Trioxidation	W
345	Trioxidation	Y
34	Methyl	D
34	Methyl	E
34	Methyl	H
34	Methyl	I
34	Methyl	K
34	Methyl	N-TERM
34	Methyl	N
34	Methyl	Q
34	Methyl	R
34	Methyl	S
34	Methyl	T
350	Trp->Hydroxykynurenin	W
351	Trp->Kynurenin	W
352	Lys->Allysine	K
354	Nitro	F
354	Nitro	W
354	Nitro	Y
357	probiotinhydrazide	P
359	Pro->pyro-Glu	P
35	Oxidation	D
35	Oxidation	E
35	Oxidation	F
35	Oxidation	G
35	Oxidation	H
35	Oxidation	I
35	Oxidation	K
35	Oxidation	N
35	Oxidation	P
35	Oxidation	Q
35	Oxidation	R
35	Oxidation	S
35	Oxidation	T
35	Oxidation	V
35	Oxidation	W
35	Oxidation	Y
360	Pro->Pyrrolidinone	P
361	Thrbiotinhydrazide	T
362	Diisopropylphosphate	K
362	Diisopropylphosphate	N-TERM
362	Diisopropylphosphate	S
362	Diisopropylphosphate	T
362	Diisopropylphosphate	Y
363	Isopropylphospho	Y
368	Cys->Dha	C
369	Pro->Pyrrolidone	P
36	Dimethyl	K
36	Dimethyl	N
36	Dimethyl	P
36	Dimethyl	R
371	HMVK	C
374	Dehydro	C
375	Diphthamide	H
376	Hydroxyfarnesyl	C
378	Carboxyethyl	H
37	Trimethyl	A
37	Trimethyl	K
37	Trimethyl	R
381	Lys->AminoadipicAcid	K
382	Cys->PyruvicAcid	C
385	Ammonia-loss	C
385	Ammonia-loss	N
385	Ammonia-loss	S
385	Ammonia-loss	T
392	Quinone	W
392	Quinone	Y
396	GlycerylPE	E
39	Methylthio	C
39	Methylthio	D
39	Methylthio	K
39	Methylthio	N-TERM
39	Methylthio	N
3	Biotin	K
3	Biotin	N-TERM
400	Tyr->Dha	Y
401	Didehydro	K
401	Didehydro	S
401	Didehydro	T
401	Didehydro	Y
402	Cys->Oxoalanine	C
403	Ser->LacticAcid	S
407	Hydroxycinnamyl	C
408	Glycosyl	P
40	Sulfo	C
40	Sulfo	S
40	Sulfo	T
40	Sulfo	Y
411	Phenylisocyanate	N-TERM
412	Phenylisocyanate:2H(5)	N-TERM
413	Phosphoguanosine	H
414	Hydroxymethyl	N
416	Dipyrrolylmethanemethyl	C
417	PhosphoUridine	Y
41	Hex	N-TERM
41	Hex	N
420	Carboxy->Thiocarboxy	G
421	Sulfide	C
421	Sulfide	D
421	Sulfide	W
422	PyruvicAcidIminyl	C
422	PyruvicAcidIminyl	V
425	Dioxidation	C
425	Dioxidation	E
425	Dioxidation	F
425	Dioxidation	I
425	Dioxidation	P
425	Dioxidation	V
425	Dioxidation	W
425	Dioxidation	Y
426	Octanoyl	C
429	PhosphoHex	S
42	Lipoyl	K
431	Palmitoleyl	C
435	Methylpyrroline	K
438	Cyano	C
43	HexNAc	S
43	HexNAc	T
440	Amidino	C
445	Hydroxytrimethyl	K
447	Deoxy	D
447	Deoxy	S
447	Deoxy	T
449	Decanoyl	S
449	Decanoyl	T
450	Glu	E
451	GluGlu	E
452	GluGluGlu	E
454	HexN	N
454	HexN	S
454	HexN	T
454	HexN	W
457	NDA	N-TERM
45	Myristoyl	C
45	Myristoyl	G
464	SPITC:13C(6)	N-TERM
472	AEC-MAEC	S
472	AEC-MAEC	T
47	Palmitoyl	N-TERM
488	DHP	C
490	Hep	R
490	Hep	S
490	Hep	T
49	Phosphopantetheine	S
4	Carbamidomethyl	D
4	Carbamidomethyl	E
4	Carbamidomethyl	H
4	Carbamidomethyl	K
4	Carbamidomethyl	M
4	Carbamidomethyl	N-TERM
4	Carbamidomethyl	S
4	Carbamidomethyl	T
4	Carbamidomethyl	Y
500	Nmethylmaleimide+water	C
501	PyMIC	N-TERM
503	LG-lactam-K	N-TERM
504	LG-Hlactam-K	N-TERM
518	Diethyl	N-TERM
520	Piperidine	N-TERM
523	Sulfo-NHS-LC-LC-Biotin	N-TERM
526	Dethiomethyl	M
528	Methyl+Deamidated	N
528	Methyl+Deamidated	Q
529	Delta:H(5)C(2)	P
52	Guanidinyl	K
52	Guanidinyl	N-TERM
530	Cation:K	D
530	Cation:K	E
531	Cation:Cu[I]	D
531	Cation:Cu[I]	E
53	HNE	A
53	HNE	C
53	HNE	H
53	HNE	K
54	Glucuronyl	N-TERM
54	Glucuronyl	T
55	Glutathione	C
58	Propionyl	N-TERM
58	Propionyl	S
58	Propionyl	K
5	Carbamyl	C
5	Carbamyl	K
5	Carbamyl	M
5	Carbamyl	N-TERM
5	Carbamyl	S
5	Carbamyl	T
5	Carbamyl	Y
64	Succinyl	N-TERM
64	Succinyl	K
684	BDMAPP	H
6	Carboxymethyl	C
6	Carboxymethyl	K
6	Carboxymethyl	N-TERM
6	Carboxymethyl	W
720	HNE-Delta:H(2)O	C
720	HNE-Delta:H(2)O	H
721	4-ONE	C
721	4-ONE	H
723	O-Dimethylphosphate	S
724	O-Methylphosphate	S
724	O-Methylphosphate	T
724	O-Methylphosphate	Y
725	Diethylphosphate	H
725	Diethylphosphate	S
725	Diethylphosphate	T
725	Diethylphosphate	Y
726	Ethylphosphate	S
726	Ethylphosphate	T
726	Ethylphosphate	Y
727	O-pinacolylmethylphosphonate	H
727	O-pinacolylmethylphosphonate	S
727	O-pinacolylmethylphosphonate	Y
728	Methylphosphonate	S
728	Methylphosphonate	T
728	Methylphosphonate	Y
729	O-Isopropylmethylphosphonate	S
729	O-Isopropylmethylphosphonate	Y
734	Ethanolamine	C
734	Ethanolamine	D
734	Ethanolamine	E
743	4-ONE+Delta:H(-2)O(-1)	H
744	NO_SMX_SEMD	C
745	NO_SMX_SMCT	C
747	Malonyl	C
747	Malonyl	S
747	Malonyl	K
748	3sulfo	N-TERM
767	Menadione-HQ	C
771	lapachenole	C
773	maleimide	C
775	Carboxymethyl:13C(2)	C
776	NEM:2H(5)	C
793	Hex(1)HexNAc(1)	S
7	Deamidated	F
7	Deamidated	N
7	Deamidated	Q
7	Deamidated	R
800	Biotin:Thermo-21345	Q
801	Pentylamine	Q
822	Gly-loss+Amide	G
830	Dihydroxyimidazolidine	R
837	Arg->Npo	R
851	cGMP+RMP-loss	C
851	cGMP+RMP-loss	S
887	MDCC	C
893	CarbamidomethylDTT	C
894	CarboxymethylDTT	C
898	pyrophospho	S
89	Iminobiotin	N-TERM
902	DimethylArsino	C
903	Lys->CamCys	K
904	Phe->CamCys	F
906	Lys->MetOx	K
907	Galactosyl	N-TERM
910	Bacillosamine	N
911	MTSL	C
914	Methylmalonylation	S
915	Ethoxyformyl	H
926	ethylamino	S
926	ethylamino	T
928	MercaptoEthanol	S
928	MercaptoEthanol	T
92	NHS-LC-Biotin	N-TERM
931	Ethyl+Deamidated	N
931	Ethyl+Deamidated	Q
936	Chlorination	W
936	Chlorination	Y
937	dichlorination	Y
939	Cys->methylaminoAla	C
940	Cys->ethylaminoAla	C
941	DNPS	C
947	LG-pyrrole	N-TERM
948	LG-anhyropyrrole	N-TERM
950	Cation:Li	E
951	Cation:Ca[II]	D
951	Cation:Ca[II]	E
952	Cation:Fe[II]	D
952	Cation:Fe[II]	E
953	Cation:Ni[II]	D
953	Cation:Ni[II]	E
954	Cation:Zn[II]	D
954	Cation:Zn[II]	H
955	Cation:Ag	E
956	Cation:Mg[II]	D
956	Cation:Mg[II]	E
957	2-succinyl	C
958	Propargylamine	E
959	Phosphopropargyl	T
959	Phosphopropargyl	Y
977	Carbofuran	S
978	BITC	N-TERM
979	PEITC	K
979	PEITC	N-TERM
989	Ammonium	D
989	Ammonium	E
991	ISD_z+2_ion	N-TERM
997	sulfo+amino	Y
9999	Hex-N-acetyl-D-glucosamine	N
1289	Butyryl	K
1363	Crotonyl	K
2133	Pro->hydroxyproline	P